cluster,wakeup@night,waso,sleep_duration,in_bed_duration,sleep_latency,sleep_efficiency,HR_mean,HR_std,HR_p5,HR_p95,steps_total,activity_total,light_mean,hrv_pca1,hrv_pca2,hrv_pca3,hrv_pca4,go2bed_hour,asleep_hour,wakeup_hour
0,0.1577380952380952,3.634920634920635,7.192757936526785,7.573809523877976,0.3810515873154762,0.9507300850178572,79.34761493653718,8.719940195080225,68.51035727756592,92.59028097401934,40.536865369151904,42.65196906854893,226.8499088381557,0.8948644357135089,1.528815547128012,0.3699899218221005,0.8050124957629702,1.2857885201000099,1.6690361207844642,8.869914082113896
1,0.4659090909090909,21.951238576238577,8.25062229436039,8.694372294300324,0.4437499999902597,0.9493011236590909,76.78827588048023,6.236591011173144,69.46168193630139,85.30173464398372,9.288202880492982,18.121944907372292,143.23346056616066,-0.3451627922807532,-0.3383402755576682,-0.4453286923348403,-0.2601124700127191,23.71992514834782,0.15745587954574083,8.384978806592848
2,0.41904761904761906,12.504673721340389,7.646507936511905,8.532023809438096,0.8855158730380952,0.9014944847095238,78.04186186739842,7.270949221682004,70.34974568698519,87.3082664521884,7.954063468219016,13.813634154143994,108.53819949409807,-0.2096527865590358,-0.7268200335511632,0.35715681130008475,-0.26251170725838774,1.6968826286338197,2.58627408410079,10.214397467919268
