{
  "h1_mae": 0.13073232043597405,
  "h1_rmse": 0.1725867333909806,
  "h1_baseline_mae": 0.16685458578451615,
  "h3_mae": 0.14530366465305944,
  "h3_rmse": 0.18574215158816704,
  "h3_baseline_mae": 0.19219141838503634,
  "h7_mae": 0.139336765916497,
  "h7_rmse": 0.1841305508113215,
  "h7_baseline_mae": 0.18676789510959382
}