{
  "loss": [
    1.0001436471939087,
    0.9999145865440369,
    0.9998826384544373,
    0.9997196197509766,
    0.9993396997451782,
    0.9987863302230835,
    0.9976655840873718,
    0.9964715242385864,
    0.994685709476471,
    0.9926230907440186,
    0.9911694526672363,
    0.9894920587539673,
    0.9879750609397888,
    0.9857363104820251,
    0.9842987060546875,
    0.982113778591156,
    0.9806555509567261,
    0.9787769317626953,
    0.9769599437713623,
    0.9732826948165894,
    0.9717980027198792,
    0.9689720273017883,
    0.9673823714256287,
    0.9651297330856323,
    0.9647103548049927,
    0.9625468254089355,
    0.9602989554405212,
    0.9597346186637878,
    0.9588217735290527,
    0.9576427936553955,
    0.9558300375938416,
    0.9560285806655884,
    0.9556264281272888,
    0.9550238847732544,
    0.9546720385551453,
    0.9537596702575684,
    0.9527488946914673,
    0.9537227749824524,
    0.9522141218185425,
    0.9526000618934631,
    0.9511681795120239,
    0.951400637626648,
    0.9504631757736206,
    0.9497488737106323,
    0.9480913281440735,
    0.9483407139778137,
    0.9478037357330322,
    0.9493228197097778,
    0.9465531706809998,
    0.9479402303695679
  ],
  "val_loss": [
    0.9999029636383057,
    0.9997352361679077,
    0.9995477795600891,
    0.9991919994354248,
    0.9983696341514587,
    0.9968675374984741,
    0.9948101043701172,
    0.9920404553413391,
    0.9900014996528625,
    0.9864382147789001,
    0.9838656783103943,
    0.9812612533569336,
    0.9792292714118958,
    0.9758527278900146,
    0.9725978374481201,
    0.9705644845962524,
    0.9677246809005737,
    0.9645845890045166,
    0.9620818495750427,
    0.9584193825721741,
    0.9560440182685852,
    0.9533088803291321,
    0.9494296312332153,
    0.9476379156112671,
    0.9453073740005493,
    0.9429798126220703,
    0.9414594173431396,
    0.9388566613197327,
    0.9384829998016357,
    0.938776433467865,
    0.9372345805168152,
    0.9381523728370667,
    0.93519127368927,
    0.9365595579147339,
    0.9345865249633789,
    0.9331830739974976,
    0.9329987168312073,
    0.9333385825157166,
    0.9317235946655273,
    0.9308198690414429,
    0.930080235004425,
    0.9302797913551331,
    0.9302797913551331,
    0.9294341206550598,
    0.9287106990814209,
    0.9283021092414856,
    0.9298776984214783,
    0.9279988408088684,
    0.9276407957077026,
    0.9272490739822388
  ],
  "mae": [
    0.7161524295806885,
    0.7166910767555237,
    0.717404305934906,
    0.7167295813560486,
    0.7166439890861511,
    0.7169845104217529,
    0.7153079509735107,
    0.7154155969619751,
    0.7146631479263306,
    0.7135862112045288,
    0.7126627564430237,
    0.7117236256599426,
    0.7109299898147583,
    0.7101686596870422,
    0.7096690535545349,
    0.70888751745224,
    0.7091047763824463,
    0.7075197100639343,
    0.707921028137207,
    0.7052859663963318,
    0.705274224281311,
    0.7041612267494202,
    0.7026926279067993,
    0.7016953229904175,
    0.701289713382721,
    0.7008123397827148,
    0.6993054747581482,
    0.699213981628418,
    0.6989446878433228,
    0.6981200575828552,
    0.697509229183197,
    0.6978430151939392,
    0.697736382484436,
    0.6976320743560791,
    0.6968690752983093,
    0.6966419219970703,
    0.6956615447998047,
    0.6965715289115906,
    0.6958179473876953,
    0.6960365176200867,
    0.6951630115509033,
    0.6957242488861084,
    0.695503830909729,
    0.6946151852607727,
    0.6940938234329224,
    0.6938626170158386,
    0.6938068866729736,
    0.6945593357086182,
    0.6939862370491028,
    0.6948891878128052
  ],
  "val_mae": [
    0.6419278383255005,
    0.6419820189476013,
    0.6418681740760803,
    0.6417127251625061,
    0.6415419578552246,
    0.6408839225769043,
    0.639894425868988,
    0.6391616463661194,
    0.6375201940536499,
    0.6372541189193726,
    0.6359565854072571,
    0.6347032189369202,
    0.6340450644493103,
    0.633119523525238,
    0.6309657096862793,
    0.6302350163459778,
    0.6292895078659058,
    0.6280340552330017,
    0.627114474773407,
    0.6261829137802124,
    0.6248896718025208,
    0.6233757734298706,
    0.6202397346496582,
    0.6200748085975647,
    0.6196788549423218,
    0.6185561418533325,
    0.6181829571723938,
    0.6161866784095764,
    0.6161752343177795,
    0.616104245185852,
    0.6154340505599976,
    0.6156738996505737,
    0.6149330139160156,
    0.6154940724372864,
    0.6143237352371216,
    0.6136431097984314,
    0.6132944226264954,
    0.6140466332435608,
    0.6133121848106384,
    0.6125714182853699,
    0.6119397878646851,
    0.6124812364578247,
    0.6123425364494324,
    0.6112939119338989,
    0.6106860041618347,
    0.6112566590309143,
    0.6126090288162231,
    0.6113774180412292,
    0.6110244393348694,
    0.6113244891166687
  ],
  "epochs_trained": 50,
  "final_loss": 0.9479402303695679,
  "final_val_loss": 0.9272490739822388,
  "best_epoch": 50,
  "best_val_loss": 0.9272490739822388,
  "first_nan_epoch": null,
  "timestamp": "2026-03-28T22:26:02.248421"
}