{
  "loss": [
    41.07225036621094,
    40.47842025756836,
    39.923099517822266,
    39.1722526550293,
    38.18294143676758,
    37.086788177490234,
    35.67642593383789,
    33.970882415771484,
    31.7128963470459,
    29.362560272216797,
    27.261720657348633,
    25.134981155395508,
    23.60118865966797,
    22.097951889038086,
    20.900291442871094,
    19.72382354736328,
    18.81272315979004,
    17.758939743041992,
    17.021326065063477,
    16.255939483642578,
    15.746432304382324,
    15.119240760803223,
    14.578925132751465,
    14.122844696044922,
    13.802687644958496,
    13.42139720916748,
    13.175254821777344,
    12.907950401306152,
    12.64912223815918,
    12.524255752563477,
    12.346221923828125,
    12.218161582946777,
    12.101202011108398,
    11.985030174255371,
    11.890933990478516,
    11.808110237121582,
    11.746941566467285,
    11.693991661071777,
    11.63625431060791,
    11.625643730163574,
    11.560420989990234,
    11.550684928894043,
    11.507349967956543,
    11.481602668762207,
    11.466877937316895,
    11.431463241577148,
    11.415755271911621,
    11.395940780639648
  ],
  "val_loss": [
    38.0007438659668,
    37.823177337646484,
    37.54517364501953,
    37.1179084777832,
    36.47948455810547,
    35.53932189941406,
    34.17405700683594,
    32.27386474609375,
    30.099224090576172,
    27.99300765991211,
    26.159862518310547,
    24.83013153076172,
    23.734474182128906,
    22.812143325805664,
    22.01811408996582,
    21.34145736694336,
    20.750350952148438,
    20.30230140686035,
    19.881874084472656,
    19.55523109436035,
    19.25821876525879,
    19.063798904418945,
    18.933738708496094,
    18.826404571533203,
    18.749549865722656,
    18.716276168823242,
    18.674468994140625,
    18.661706924438477,
    18.69791030883789,
    18.773025512695312,
    18.752912521362305,
    18.81591033935547,
    18.90369415283203,
    18.939586639404297,
    19.004417419433594,
    19.080955505371094,
    19.15296173095703,
    19.222002029418945,
    19.275577545166016,
    19.365726470947266,
    19.42850112915039,
    19.5040225982666,
    19.583486557006836,
    19.639009475708008,
    19.692222595214844,
    19.725488662719727,
    19.791536331176758,
    19.836078643798828
  ],
  "mae": [
    4.892186641693115,
    4.853731632232666,
    4.808976650238037,
    4.752373695373535,
    4.674431324005127,
    4.588104248046875,
    4.470160007476807,
    4.32647705078125,
    4.164724349975586,
    4.0053911209106445,
    3.867607593536377,
    3.712631940841675,
    3.586601495742798,
    3.4778237342834473,
    3.397566080093384,
    3.3042914867401123,
    3.224278211593628,
    3.1454532146453857,
    3.0868470668792725,
    3.0351247787475586,
    2.9842047691345215,
    2.943856716156006,
    2.899724245071411,
    2.869947671890259,
    2.8404481410980225,
    2.795855760574341,
    2.771026611328125,
    2.7566874027252197,
    2.744847297668457,
    2.7353761196136475,
    2.722494602203369,
    2.7238481044769287,
    2.717660903930664,
    2.7097208499908447,
    2.7068428993225098,
    2.698319911956787,
    2.6944825649261475,
    2.6892266273498535,
    2.683095693588257,
    2.6805214881896973,
    2.6748547554016113,
    2.6717936992645264,
    2.66731595993042,
    2.661437749862671,
    2.6612651348114014,
    2.656543016433716,
    2.6534886360168457,
    2.6494932174682617
  ],
  "val_mae": [
    4.370973587036133,
    4.3558349609375,
    4.334277153015137,
    4.300469875335693,
    4.2467498779296875,
    4.164731979370117,
    4.062488079071045,
    3.930168867111206,
    3.7563819885253906,
    3.5963597297668457,
    3.465489625930786,
    3.3861916065216064,
    3.3318300247192383,
    3.305549383163452,
    3.2829976081848145,
    3.262899875640869,
    3.2429659366607666,
    3.2246317863464355,
    3.2093451023101807,
    3.205129861831665,
    3.213076114654541,
    3.213529109954834,
    3.210508108139038,
    3.219512939453125,
    3.234501600265503,
    3.252086877822876,
    3.251129627227783,
    3.2587757110595703,
    3.2795534133911133,
    3.311699151992798,
    3.294980525970459,
    3.3182454109191895,
    3.348057746887207,
    3.351162910461426,
    3.3606009483337402,
    3.3750691413879395,
    3.38588809967041,
    3.3961434364318848,
    3.401888132095337,
    3.4202091693878174,
    3.4284610748291016,
    3.4359915256500244,
    3.450641632080078,
    3.462571859359741,
    3.4719889163970947,
    3.4709725379943848,
    3.488234281539917,
    3.5008351802825928
  ]
}