{
  "test_loss": 14.172065734863281,
  "test_mae": 3.0746006965637207,
  "per_target": {
    "ISI": {
      "rmse": 5.009911461619184,
      "mae": 3.9302855491638184,
      "r2": -0.0458005355526363
    },
    "PHQ9": {
      "rmse": 3.591839716803997,
      "mae": 3.420520544052124,
      "r2": -0.5001526222337926
    },
    "GAD7": {
      "rmse": 2.12501096295528,
      "mae": 1.8729964017868042,
      "r2": -0.023961812399121873
    }
  }
}