{
  "loss": [
    0.4397306442260742,
    0.427039235830307,
    0.42116495966911316,
    0.41175347566604614,
    0.40552571415901184
  ],
  "val_loss": [
    0.9618377089500427,
    0.9576212763786316,
    0.9559286832809448,
    0.9536030888557434,
    0.951050877571106
  ],
  "mae": [
    0.823504626750946,
    0.8090038299560547,
    0.8011870384216309,
    0.7887351512908936,
    0.7798018455505371
  ],
  "val_mae": [
    1.4197462797164917,
    1.4144774675369263,
    1.4133158922195435,
    1.410929799079895,
    1.4076616764068604
  ]
}