{
  "per_target": {
    "ISI_1": {
      "rmse": 4.786793804623144,
      "mae": 4.291853904724121,
      "r2": -0.25984299182891846,
      "relative_error": 1.8762240409851074
    },
    "PHQ9_1": {
      "rmse": 2.2610397769174106,
      "mae": 2.043771505355835,
      "r2": -0.3689843416213989,
      "relative_error": 1.0449109077453613
    },
    "GAD7_1": {
      "rmse": 3.830498158300963,
      "mae": 3.0448904037475586,
      "r2": -0.034200310707092285,
      "relative_error": 1.2296959161758423
    },
    "ISI_2": {
      "rmse": 3.961026343077228,
      "mae": 3.0512712001800537,
      "r2": -0.755494236946106,
      "relative_error": 1.4138718843460083
    },
    "PHQ9_2": {
      "rmse": 2.430230868012004,
      "mae": 2.243199586868286,
      "r2": 0.005301535129547119,
      "relative_error": 0.9436753988265991
    },
    "GAD7_2": {
      "rmse": 4.077552024373768,
      "mae": 3.170501232147217,
      "r2": -0.5201307535171509,
      "relative_error": 0.9143936634063721
    },
    "ISI_F": {
      "rmse": 3.3578243491494923,
      "mae": 2.8460805416107178,
      "r2": -0.8455216884613037,
      "relative_error": 0.7981503009796143
    },
    "PHQ9_F": {
      "rmse": 2.4484353888915793,
      "mae": 1.9311662912368774,
      "r2": -0.4157545566558838,
      "relative_error": 1.3819270133972168
    },
    "GAD7_F": {
      "rmse": 1.740215605389449,
      "mae": 1.613396167755127,
      "r2": 0.026058197021484375,
      "relative_error": 0.7815316319465637
    }
  },
  "per_scale_daily": {
    "ISI": {
      "rmse": 3.901307542175476,
      "mae": 3.262859582901001,
      "r2": -0.5593674182891846,
      "relative_error": 1.2042895555496216
    },
    "PHQ9": {
      "rmse": 2.300015333373332,
      "mae": 2.0351672172546387,
      "r2": -0.18236804008483887,
      "relative_error": 1.0240204334259033
    },
    "GAD7": {
      "rmse": 3.2167427693062867,
      "mae": 2.5317306518554688,
      "r2": -0.12433040142059326,
      "relative_error": 0.8911448121070862
    }
  },
  "rmse_by_day": [
    3.772638777397932,
    3.914479246814661,
    3.695536503847517,
    3.7022416876115436,
    3.4220705020047317,
    3.60642627305088,
    3.6210351505085203,
    3.4279242568934536,
    3.3325441061937293,
    3.505378949498876,
    3.2255939202898496,
    3.4985148139782813,
    3.2730883136679685,
    3.5694155578499935,
    3.168988046225732,
    3.1456389377648266,
    2.9854854095772,
    2.972762919252807,
    3.0014458986636723,
    2.8606914554050293,
    2.7435746990676257,
    2.8045180755701953,
    2.642419780715371,
    2.65908267502299,
    2.701913109924663,
    2.481521887500352,
    2.732156256634848,
    2.6011646413294356
  ]
}