{
  "ISI": {
    "rmse": 5.580456329336153,
    "mae": 4.679998397827148,
    "r2": -0.17323768138885498
  },
  "PHQ-9": {
    "rmse": 3.0948700081637743,
    "mae": 2.9383630752563477,
    "r2": 0.06553947925567627
  },
  "GAD-7": {
    "rmse": 2.336707355110548,
    "mae": 2.2136454582214355,
    "r2": -0.10084700584411621
  }
}